{
    "content": [
        {
            "id": "5858a263",
            "elType": "container",
            "settings": {
                "background_image": {
                    "url": "",
                    "id": "",
                    "size": ""
                },
                "bg_image": {
                    "id": "",
                    "url": "https://plugindev.test/wp-content/plugins/elementor/assets/images/placeholder.png"
                },
                "hover_parallax": [
                    {
                        "layer_position_vr": {
                            "unit": "%",
                            "size": 30,
                            "sizes": []
                        },
                        "layer_position_hr": {
                            "unit": "%",
                            "size": 40,
                            "sizes": []
                        },
                        "layer_width": 100,
                        "data_depth": 0.4
                    }
                ]
            },
            "elements": [
                {
                    "id": "53f66433",
                    "elType": "widget",
                    "widgetType": "heading",
                    "settings": {
                        "title": "Add Your Heading Text Here",
                        "align": "center"
                    }
                },
                {
                    "id": "6821086a",
                    "elType": "widget",
                    "widgetType": "image",
                    "settings": {
                        "_padding": {
                            "unit": "px",
                            "top": "100",
                            "right": "0",
                            "bottom": "100",
                            "left": "0",
                            "isLinked": false
                        },
                        "image": {
                            "id": "",
                            "url": "https://plugindev.test/wp-content/plugins/elementor/assets/images/placeholder.png"
                        }
                    }
                },
                {
                    "id": "6be0ce24",
                    "elType": "widget",
                    "widgetType": "button",
                    "settings": {
                        "text": "Click Me",
                        "button_text_color": "#000000",
                        "background_color": "#E7DFF5"
                    }
                }
            ]
        }
    ],
    "page_settings": {
        "template": "elementor_header_footer"
    }
}