{"content":[{"id":"43d4ed12","settings":{"flex_direction":"column","margin":{"unit":"px","top":"100","right":"0","bottom":"100","left":"0","isLinked":false},"ha_cmc_text":"Happy Addons"},"elements":[{"id":"290e6195","settings":{"primekitpro_animation_timeline_list":[{"primekitpro_animation_timeline_title":"This is heading","primekitpro_animation_timeline_content":"Quisque non tristique eros. Duis consequat mattis eleifend. Aliquam eleifend, dui sit amet mollis auctor, augue dolor commodo lacus, et convallis nulla lorem in nunc.","primekitpro_animation_timeline_year":"2018","_id":"7b95d52","primekitpro_animation_timeline_dot_color":"#E02828"},{"primekitpro_animation_timeline_title":"This is heading","primekitpro_animation_timeline_content":"Quisque non tristique eros. Duis consequat mattis eleifend. Aliquam eleifend, dui sit amet mollis auctor, augue dolor commodo lacus, et convallis nulla lorem in nunc.","primekitpro_animation_timeline_year":"2018","_id":"3e56fd1"},{"primekitpro_animation_timeline_title":"This is heading","primekitpro_animation_timeline_content":"Quisque non tristique eros. Duis consequat mattis eleifend. Aliquam eleifend, dui sit amet mollis auctor, augue dolor commodo lacus, et convallis nulla lorem in nunc.","primekitpro_animation_timeline_year":"2018","_id":"95cec1a"},{"primekitpro_animation_timeline_title":"This is heading","primekitpro_animation_timeline_content":"Quisque non tristique eros. Duis consequat mattis eleifend. Aliquam eleifend, dui sit amet mollis auctor, augue dolor commodo lacus, et convallis nulla lorem in nunc.","primekitpro_animation_timeline_year":"2018","_id":"c47ba6d"}],"primekitpro_animation_timeline_column":3,"primekitpro_animation_timeline_style_four_animation":"three","primekitpro_animation_timeline_gap":{"unit":"px","size":14,"sizes":[]},"primekitpro_animation_timeline_text_color":"#F03C3C","primekitpro_animation_timeline_dot_size":{"unit":"px","size":30,"sizes":[]},"primekitpro-atch-icon-color":"#FE1616","primekitpro-atch-icon-size":{"unit":"px","size":18,"sizes":[]},"hor_line_color":"#FF0C0C","hor_line_style":"dotted","hor_line_width":{"unit":"px","size":6,"sizes":[]},"ha_cmc_text":"Happy Addons"},"elements":[],"isInner":false,"widgetType":"primekitpro-animated-timeline","elType":"widget"}],"isInner":false,"elType":"container"}],"page_settings":[],"version":"0.4","title":"Test","type":"container"}