[
    {
        "id": "container-2",
        "elType": "container",
        "isInner": false,
        "settings": {
            "margin": {
                "unit": "px",
                "top": "50",
                "right": "50",
                "bottom": "50",
                "left": "50",
                "isLinked": true
            }
        },
        "elements": [
            {
                "id": "widget-2",
                "elType": "widget",
                "widgetType": "heading",
                "settings": {
                    "title": "Welcome to PrimeKit",
                    "align": "center"
                }
            }
        ]
    }
]
