{"content":[{"id":"5858a263","settings":{"background_image":{"url":"","id":"","size":""},"background_video_fallback":{"url":"","id":"","size":""},"background_slideshow_gallery":[],"background_hover_image":{"url":"","id":"","size":""},"background_hover_video_fallback":{"url":"","id":"","size":""},"background_hover_slideshow_gallery":[],"background_overlay_image":{"url":"","id":"","size":""},"background_overlay_video_fallback":{"url":"","id":"","size":""},"background_overlay_slideshow_gallery":[],"background_overlay_hover_image":{"url":"","id":"","size":""},"background_overlay_hover_video_fallback":{"url":"","id":"","size":""},"background_overlay_hover_slideshow_gallery":[],"bg_image":{"id":"","url":"https:\/\/plugindev.test\/wp-content\/plugins\/elementor\/assets\/images\/placeholder.png"},"hover_parallax":[{"layer_position_vr":{"unit":"%","size":30,"sizes":[]},"layer_position_hr":{"unit":"%","size":40,"sizes":[]},"_id":"","repeater_bg_image":{"id":"","url":"https:\/\/plugindev.test\/wp-content\/plugins\/elementor\/assets\/images\/placeholder.png"},"layer_width":100,"data_depth":0.4},{"layer_position_vr":{"unit":"%","size":60,"sizes":[]},"layer_position_hr":{"unit":"%","size":20,"sizes":[]},"_id":"","repeater_bg_image":{"id":"","url":"https:\/\/plugindev.test\/wp-content\/plugins\/elementor\/assets\/images\/placeholder.png"},"layer_width":100,"data_depth":0.4}]},"elements":[{"id":"53f66433","settings":{"title":"Add Your Heading Text Here","align":"center","_background_image":{"url":"","id":"","size":""},"_background_video_fallback":{"url":"","id":"","size":""},"_background_slideshow_gallery":[],"_background_hover_image":{"url":"","id":"","size":""},"_background_hover_video_fallback":{"url":"","id":"","size":""},"_background_hover_slideshow_gallery":[],"_mask_image":{"url":"","id":"","size":""}},"elements":[],"isInner":false,"widgetType":"heading","elType":"widget"},{"id":"6821086a","settings":{"_padding":{"unit":"px","top":"100","right":"0","bottom":"100","left":"0","isLinked":false},"image":{"id":"","url":"https:\/\/plugindev.test\/wp-content\/plugins\/elementor\/assets\/images\/placeholder.png"},"_background_image":{"url":"","id":"","size":""},"_background_video_fallback":{"url":"","id":"","size":""},"_background_slideshow_gallery":[],"_background_hover_image":{"url":"","id":"","size":""},"_background_hover_video_fallback":{"url":"","id":"","size":""},"_background_hover_slideshow_gallery":[],"_mask_image":{"url":"","id":"","size":""}},"elements":[],"isInner":false,"widgetType":"image","elType":"widget"},{"id":"6be0ce24","settings":{"text":"Click Me","button_text_color":"#000000","background_color":"#E7DFF5","selected_icon":{"value":"","library":""},"background_video_fallback":{"url":"","id":"","size":""},"background_slideshow_gallery":[],"button_background_hover_video_fallback":{"url":"","id":"","size":""},"button_background_hover_slideshow_gallery":[],"_background_image":{"url":"","id":"","size":""},"_background_video_fallback":{"url":"","id":"","size":""},"_background_slideshow_gallery":[],"_background_hover_image":{"url":"","id":"","size":""},"_background_hover_video_fallback":{"url":"","id":"","size":""},"_background_hover_slideshow_gallery":[],"_mask_image":{"url":"","id":"","size":""}},"elements":[],"isInner":false,"widgetType":"button","elType":"widget"}],"isInner":false,"elType":"container"}],"page_settings":[],"version":"0.4","title":"About Page","type":"page"}