{
    "templates": [
        {
            "id": "template-1",
            "title": "Business Homepage Updated",
            "type": "page",
            "thumbnail": "https://placehold.co/600x400",
            "created_at": "2023-12-01",
            "tags": ["business", "homepage"],
            "is_pro": false,
            "url": "https://demo.primekit.com/template-1"
        },
        {
            "id": "9954",
            "title": "P9954",
            "type": "page",
            "thumbnail": "https://placehold.co/600x400",
            "created_at": "2023-12-02",
            "tags": ["portfolio", "creative"],
            "is_pro": false,
            "url": "https://demo.primekit.com/template-2"
        },
        {
            "id": "template-2",
            "title": "Portfolio Layout 2",
            "type": "page",
            "thumbnail": "https://placehold.co/600x400",
            "created_at": "2023-12-02",
            "tags": ["portfolio", "creative"],
            "is_pro": false,
            "url": "https://demo.primekit.com/template-2"
        },
        {
            "id": "about-us",
            "title": "About Us Page 2",
            "type": "page",
            "thumbnail": "https://placehold.co/600x400",
            "created_at": "2023-12-03",
            "tags": ["about", "company"],
            "is_pro": false,
            "url": "https://demo.primekit.com/about-us"
        },
        {
            "id": "about-us-2",
            "title": "About Us Page 2",
            "type": "page",
            "thumbnail": "https://placehold.co/600x400",
            "created_at": "2023-12-03",
            "tags": ["about", "company"],
            "is_pro": false,
            "url": "https://demo.primekit.com/about-us"
        }
    ],
    "tags": ["business", "portfolio", "homepage", "creative", "about", "company"],
    "type_tags": ["page", "section"]
}