{"content":[{"id":"15e900da","settings":{"height":"full","background_background":"classic","background_image":{"id":"17618","url":"https:\/\/plugindev.test\/wp-content\/uploads\/2025\/01\/header-bg.jpg"},"background_repeat":"no-repeat","background_size":"cover","background_overlay_background":"gradient","background_overlay_color":"#000000","background_overlay_opacity":{"unit":"px","size":0.3,"sizes":[]},"_ha_condition_list":[{"_id":"e74dbcb"}],"ha_cmc_text":"Happy Addons"},"elements":[{"id":"6fd64073","settings":{"_column_size":100,"_inline_size":null,"_ha_condition_list":[{"_id":"a9a307d"}],"ha_cmc_text":"Happy Addons"},"elements":[{"id":"24db14ca","settings":{"title":"GAMESITE TEMPLATE","align":"center","typography_typography":"custom","typography_font_family":"Oswald","typography_font_size":{"unit":"px","size":40,"sizes":[]},"typography_font_size_tablet":{"unit":"px","size":36,"sizes":[]},"typography_font_size_mobile":{"unit":"px","size":30,"sizes":[]},"typography_font_weight":"500","typography_text_transform":"uppercase","typography_line_height":{"unit":"em","size":1.2,"sizes":[]},"typography_letter_spacing":{"unit":"px","size":-0.3,"sizes":[]},"_ha_condition_list":[{"_id":"f430dc4"}],"__globals__":{"title_color":""},"title_color":"#FFFFFF","ha_cmc_text":"Happy Addons"},"elements":[],"isInner":false,"widgetType":"heading","elType":"widget"},{"id":"4de9bb3c","settings":{"title":"Gaming Site Design","align":"center","typography_typography":"custom","typography_font_family":"Oswald","typography_font_size":{"unit":"px","size":96,"sizes":[]},"typography_font_size_tablet":{"unit":"px","size":72,"sizes":[]},"typography_font_size_mobile":{"unit":"px","size":62,"sizes":[]},"typography_font_weight":"500","typography_font_style":"normal","typography_line_height":{"unit":"em","size":1.2,"sizes":[]},"_ha_condition_list":[{"_id":"f430dc4"}],"__globals__":{"title_color":""},"title_color":"#FFF","ha_cmc_text":"Happy Addons"},"elements":[],"isInner":false,"widgetType":"heading","elType":"widget"},{"id":"3448423","settings":{"text":"upcoming games","align":"center","typography_typography":"custom","typography_font_family":"Oswald","typography_font_size":{"unit":"px","size":21,"sizes":[]},"typography_font_weight":"700","typography_text_transform":"uppercase","typography_font_style":"normal","typography_line_height":{"unit":"em","size":1.4,"sizes":[]},"button_text_color":"#FFFFFF","button_background_hover_color":"#FF4987","button_hover_border_color":"#E7E7E7","border_width":{"unit":"px","top":"2","right":"2","bottom":"2","left":"2","isLinked":true},"border_radius":{"unit":"px","top":"4","right":"4","bottom":"4","left":"4","isLinked":true},"text_padding":{"unit":"px","top":"20","right":"55","bottom":"20","left":"55","isLinked":false},"_margin":{"unit":"px","top":"20","right":"0","bottom":"0","left":"0","isLinked":false},"_ha_condition_list":[{"_id":"e79fd4c"}],"__globals__":{"background_color":"","border_color":""},"typography_font_size_mobile":{"unit":"px","size":12,"sizes":[]},"text_padding_mobile":{"unit":"px","top":"15","right":"35","bottom":"15","left":"35","isLinked":false},"background_color":"#1BC2CA","border_color":"#FFFFFF","ha_cmc_text":"Happy Addons"},"elements":[],"isInner":false,"widgetType":"button","elType":"widget"}],"isInner":false,"elType":"column"}],"isInner":false,"elType":"section"},{"id":"d7f78c6","settings":{"background_background":"classic","padding":{"unit":"px","top":"100","right":"0","bottom":"100","left":"0","isLinked":false},"padding_tablet":{"unit":"px","top":"70","right":"10","bottom":"70","left":"10","isLinked":false},"padding_mobile":{"unit":"px","top":"50","right":"10","bottom":"50","left":"10","isLinked":false},"_ha_condition_list":[{"_id":"1afcad6"}],"__globals__":{"background_color":""},"background_color":"#141329","ha_cmc_text":"Happy Addons"},"elements":[{"id":"68a6cfc0","settings":{"_column_size":100,"_inline_size":null,"_ha_condition_list":[{"_id":"26f35da"}],"ha_cmc_text":"Happy Addons"},"elements":[{"id":"4f101137","settings":{"title":"IN THE SPOTLIGHT","align":"center","typography_typography":"custom","typography_font_family":"Oswald","typography_font_size":{"unit":"px","size":40,"sizes":[]},"typography_font_weight":"500","typography_text_transform":"uppercase","typography_font_style":"normal","_ha_condition_list":[{"_id":"f0ef19f"}],"__globals__":{"title_color":""},"typography_font_size_mobile":{"unit":"px","size":32,"sizes":[]},"title_color":"#FFFFFF","ha_cmc_text":"Happy Addons"},"elements":[],"isInner":false,"widgetType":"heading","elType":"widget"},{"id":"6d0be823","settings":{"gap":"no","margin":{"unit":"px","top":"100","right":0,"bottom":"0","left":0,"isLinked":false},"margin_tablet":{"unit":"px","top":"50","right":0,"bottom":"0","left":0,"isLinked":false},"_ha_condition_list":[{"_id":"c914b59"}],"ha_cmc_text":"Happy Addons"},"elements":[{"id":"1f294a02","settings":{"_column_size":100,"_inline_size":null,"_ha_condition_list":[{"_id":"8bcf25b"}],"ha_cmc_text":"Happy Addons"},"elements":[{"id":"3333723b","settings":{"image":{"id":"17619","url":"https:\/\/plugindev.test\/wp-content\/uploads\/2025\/01\/game1.jpg"},"thumbnail_size":"full","image_position":"right","image_position_tablet":"right","badge_text":"","title":"Monster Hunter: World","description":"Nullam feugiat ligula neque, et rutrum ligula viverra et. Ut suscipit vulputate ligula. Praesent convallis nibh felis, ac tincidunt ex gravida quis. Donec sodales metus sed aliquam vulputate. Sed placerat venenatis fringilla. Proin turpis tortor, fermentum quis elit auctor, hendrerit dapibus leo.","align":"left","align_tablet":"left","button_text":"Read More","image_width_tablet":{"unit":"%","size":50,"sizes":[]},"image_height":{"unit":"px","size":395,"sizes":[]},"image_height_tablet":{"unit":"px","size":450,"sizes":[]},"image_height_mobile":{"unit":"px","size":230,"sizes":[]},"title_spacing":{"unit":"px","size":40,"sizes":[]},"title_color":"#FFFFFF","title_typography_typography":"custom","title_typography_font_family":"Oswald","title_typography_font_size":{"unit":"px","size":24,"sizes":[]},"title_typography_font_weight":"500","title_typography_text_transform":"capitalize","title_typography_font_style":"normal","title_typography_line_height":{"unit":"em","size":1.2,"sizes":[]},"description_spacing":{"unit":"px","size":40,"sizes":[]},"description_typography_typography":"custom","description_typography_font_family":"Play","description_typography_font_size":{"unit":"px","size":16,"sizes":[]},"description_typography_font_weight":"300","description_typography_font_style":"normal","button_padding":{"unit":"px","top":"15","right":"40","bottom":"15","left":"40","isLinked":false},"button_typography_typography":"custom","button_typography_font_family":"Play","button_typography_font_size":{"unit":"px","size":14,"sizes":[]},"button_typography_font_weight":"700","button_typography_text_transform":"uppercase","button_typography_font_style":"normal","button_typography_line_height":{"unit":"em","size":1.2,"sizes":[]},"button_typography_letter_spacing":{"unit":"px","size":-0.3,"sizes":[]},"button_border_border":"solid","button_border_color":"#1BC2CA","button_border_radius":{"unit":"px","top":"10","right":"10","bottom":"10","left":"10","isLinked":true},"button_color":"#1BC2CA","button_bg_color":"#02010100","button_hover_color":"#FFFFFF","button_hover_bg_color":"#1BC2CA","button_hover_border_color":"#1BC2CA","_ha_condition_list":[{"_id":"d673920"}],"_background_background":"classic","_background_color":"#292845","__globals__":{"description_color":""},"button_padding_mobile":{"unit":"px","top":"15","right":"35","bottom":"15","left":"35","isLinked":false},"description_color":"#FFFFFF","button_border_width":{"unit":"px","top":"2","right":"2","bottom":"2","left":"2","isLinked":true},"ha_cmc_text":"Happy Addons"},"elements":[],"isInner":false,"widgetType":"ha-card","elType":"widget"}],"isInner":true,"elType":"column"}],"isInner":true,"elType":"section"},{"id":"5434abd8","settings":{"gap":"no","margin":{"unit":"px","top":"50","right":0,"bottom":"0","left":0,"isLinked":false},"_ha_condition_list":[{"_id":"c914b59"}],"ha_cmc_text":"Happy Addons"},"elements":[{"id":"20c065b8","settings":{"_column_size":100,"_inline_size":null,"_ha_condition_list":[{"_id":"8bcf25b"}],"ha_cmc_text":"Happy Addons"},"elements":[{"id":"595d2979","settings":{"image":{"id":"17620","url":"https:\/\/plugindev.test\/wp-content\/uploads\/2025\/01\/game2.jpg"},"image_position":"left","image_position_tablet":"left","badge_text":"","title":"ANTHEM","description":"Nullam feugiat ligula neque, et rutrum ligula viverra et. Ut suscipit vulputate ligula. Praesent convallis nibh felis, ac tincidunt ex gravida quis. Donec sodales metus sed aliquam vulputate. Sed placerat venenatis fringilla. Proin turpis tortor, fermentum quis elit auctor, hendrerit dapibus leo.","align":"left","align_tablet":"left","button_text":"Read More","image_width_tablet":{"unit":"%","size":50,"sizes":[]},"image_height":{"unit":"px","size":395,"sizes":[]},"image_height_tablet":{"unit":"px","size":450,"sizes":[]},"image_height_mobile":{"unit":"px","size":230,"sizes":[]},"title_spacing":{"unit":"px","size":40,"sizes":[]},"title_color":"#FFFFFF","title_typography_typography":"custom","title_typography_font_family":"Oswald","title_typography_font_size":{"unit":"px","size":24,"sizes":[]},"title_typography_font_weight":"500","title_typography_text_transform":"capitalize","title_typography_font_style":"normal","title_typography_line_height":{"unit":"em","size":1.2,"sizes":[]},"description_spacing":{"unit":"px","size":40,"sizes":[]},"description_typography_typography":"custom","description_typography_font_family":"Play","description_typography_font_size":{"unit":"px","size":16,"sizes":[]},"description_typography_font_weight":"300","description_typography_font_style":"normal","button_padding":{"unit":"px","top":"15","right":"40","bottom":"15","left":"40","isLinked":false},"button_typography_typography":"custom","button_typography_font_family":"Play","button_typography_font_size":{"unit":"px","size":14,"sizes":[]},"button_typography_font_weight":"700","button_typography_text_transform":"uppercase","button_typography_font_style":"normal","button_typography_line_height":{"unit":"em","size":1.2,"sizes":[]},"button_typography_letter_spacing":{"unit":"px","size":-0.3,"sizes":[]},"button_border_border":"solid","button_border_color":"#1BC2CA","button_border_radius":{"unit":"px","top":"10","right":"10","bottom":"10","left":"10","isLinked":true},"button_color":"#1BC2CA","button_bg_color":"#02010100","button_hover_color":"#FFFFFF","button_hover_bg_color":"#1BC2CA","button_hover_border_color":"#1BC2CA","_ha_condition_list":[{"_id":"d673920"}],"_background_background":"classic","_background_color":"#292845","__globals__":{"description_color":""},"button_padding_mobile":{"unit":"px","top":"15","right":"35","bottom":"15","left":"35","isLinked":false},"description_color":"#FFFFFF","button_border_width":{"unit":"px","top":"2","right":"2","bottom":"2","left":"2","isLinked":true},"ha_cmc_text":"Happy Addons"},"elements":[],"isInner":false,"widgetType":"ha-card","elType":"widget"}],"isInner":true,"elType":"column"}],"isInner":true,"elType":"section"},{"id":"62c717de","settings":{"gap":"no","margin":{"unit":"px","top":"50","right":0,"bottom":"0","left":0,"isLinked":false},"_ha_condition_list":[{"_id":"c914b59"}],"ha_cmc_text":"Happy Addons"},"elements":[{"id":"630460ee","settings":{"_column_size":100,"_inline_size":null,"_ha_condition_list":[{"_id":"8bcf25b"}],"ha_cmc_text":"Happy Addons"},"elements":[{"id":"76292afd","settings":{"image":{"id":"17621","url":"https:\/\/plugindev.test\/wp-content\/uploads\/2025\/01\/game3.jpg"},"image_position":"right","image_position_tablet":"right","badge_text":"","title":"FALLOUT 76","description":"Nullam feugiat ligula neque, et rutrum ligula viverra et. Ut suscipit vulputate ligula. Praesent convallis nibh felis, ac tincidunt ex gravida quis. Donec sodales metus sed aliquam vulputate. Sed placerat venenatis fringilla. Proin turpis tortor, fermentum quis elit auctor, hendrerit dapibus leo.","align":"left","align_tablet":"left","button_text":"Read More","image_width_tablet":{"unit":"%","size":50,"sizes":[]},"image_height":{"unit":"px","size":395,"sizes":[]},"image_height_tablet":{"unit":"px","size":450,"sizes":[]},"image_height_mobile":{"unit":"px","size":230,"sizes":[]},"title_spacing":{"unit":"px","size":40,"sizes":[]},"title_color":"#FFFFFF","title_typography_typography":"custom","title_typography_font_family":"Oswald","title_typography_font_size":{"unit":"px","size":24,"sizes":[]},"title_typography_font_weight":"500","title_typography_text_transform":"capitalize","title_typography_font_style":"normal","title_typography_line_height":{"unit":"em","size":1.2,"sizes":[]},"description_spacing":{"unit":"px","size":40,"sizes":[]},"description_typography_typography":"custom","description_typography_font_family":"Play","description_typography_font_size":{"unit":"px","size":16,"sizes":[]},"description_typography_font_weight":"300","description_typography_font_style":"normal","button_padding":{"unit":"px","top":"15","right":"40","bottom":"15","left":"40","isLinked":false},"button_typography_typography":"custom","button_typography_font_family":"Play","button_typography_font_size":{"unit":"px","size":14,"sizes":[]},"button_typography_font_weight":"700","button_typography_text_transform":"uppercase","button_typography_font_style":"normal","button_typography_line_height":{"unit":"em","size":1.2,"sizes":[]},"button_typography_letter_spacing":{"unit":"px","size":-0.3,"sizes":[]},"button_border_border":"solid","button_border_color":"#1BC2CA","button_border_radius":{"unit":"px","top":"10","right":"10","bottom":"10","left":"10","isLinked":true},"button_color":"#1BC2CA","button_bg_color":"#02010100","button_hover_color":"#FFFFFF","button_hover_bg_color":"#1BC2CA","button_hover_border_color":"#1BC2CA","_ha_condition_list":[{"_id":"d673920"}],"_background_background":"classic","_background_color":"#292845","__globals__":{"description_color":""},"button_padding_mobile":{"unit":"px","top":"15","right":"35","bottom":"15","left":"35","isLinked":false},"description_color":"#FFFFFF","button_border_width":{"unit":"px","top":"2","right":"2","bottom":"2","left":"2","isLinked":true},"ha_cmc_text":"Happy Addons"},"elements":[],"isInner":false,"widgetType":"ha-card","elType":"widget"}],"isInner":true,"elType":"column"}],"isInner":true,"elType":"section"}],"isInner":false,"elType":"column"}],"isInner":false,"elType":"section"},{"id":"94b9c93","settings":{"background_background":"classic","padding":{"unit":"px","top":"0","right":"0","bottom":"100","left":"0","isLinked":false},"padding_tablet":{"unit":"px","top":"0","right":"10","bottom":"70","left":"10","isLinked":false},"padding_mobile":{"unit":"px","top":"0","right":"10","bottom":"50","left":"10","isLinked":false},"_ha_condition_list":[{"_id":"1afcad6"}],"__globals__":{"background_color":""},"background_color":"#141329","ha_cmc_text":"Happy Addons"},"elements":[{"id":"2c84f9c4","settings":{"_column_size":100,"_inline_size":null,"_ha_condition_list":[{"_id":"236ca0f"}],"padding_tablet":{"unit":"px","top":"0","right":"0","bottom":"0","left":"0","isLinked":false},"ha_cmc_text":"Happy Addons"},"elements":[{"id":"7d86d16c","settings":{"carousel":[{"id":"17622","url":"https:\/\/plugindev.test\/wp-content\/uploads\/2025\/01\/gaming3.jpg"},{"id":"17623","url":"https:\/\/plugindev.test\/wp-content\/uploads\/2025\/01\/gaming4.jpg"},{"id":"17624","url":"https:\/\/plugindev.test\/wp-content\/uploads\/2025\/01\/gaming110.jpg"}],"thumbnail_size":"medium_large","slides_to_show":"1","navigation":"arrows","_ha_condition_list":[{"_id":"0fc9544"}],"_padding_tablet":{"unit":"px","top":"0","right":"10","bottom":"0","left":"10","isLinked":false},"arrows_position":"outside","image_border_radius":{"unit":"px","top":"10","right":"10","bottom":"10","left":"10","isLinked":true},"_margin":{"unit":"px","top":"0","right":"0","bottom":"0","left":"0","isLinked":false},"carousel_name":"Image Carousel","ha_cmc_text":"Happy Addons"},"elements":[],"isInner":false,"widgetType":"image-carousel","elType":"widget"},{"id":"71af1bb2","settings":{"content_position":"middle","structure":"20","margin":{"unit":"px","top":"50","right":0,"bottom":"0","left":0,"isLinked":false},"margin_tablet":{"unit":"px","top":"50","right":0,"bottom":"0","left":0,"isLinked":false},"margin_mobile":{"unit":"px","top":"40","right":0,"bottom":"0","left":0,"isLinked":false},"padding_tablet":{"unit":"px","top":"0","right":"10","bottom":"0","left":"10","isLinked":false},"_ha_condition_list":[{"_ha_condition_date_range":"29-05-2020 to 31-05-2020","_ha_condition_date":"29-05-2020","_id":"e83abff"}],"ha_cmc_text":"Happy Addons"},"elements":[{"id":"b7673e0","settings":{"_column_size":50,"_inline_size":null,"background_background":"classic","margin":{"unit":"px","top":"50","right":"50","bottom":"50","left":"50","isLinked":true},"margin_tablet":{"unit":"px","top":"0","right":"0","bottom":"0","left":"0","isLinked":true},"margin_mobile":{"unit":"px","top":"0","right":"0","bottom":"0","left":"0","isLinked":false},"padding_tablet":{"unit":"px","top":"0","right":"0","bottom":"0","left":"0","isLinked":false},"_ha_condition_list":[{"_ha_condition_date_range":"29-05-2020 to 31-05-2020","_ha_condition_date":"29-05-2020","_id":"27ba61e"}],"ha_cmc_text":"Happy Addons"},"elements":[{"id":"3be8abf0","settings":{"title":"What can we do?","title_color":"#ffffff","typography_typography":"custom","typography_font_family":"Oswald","typography_font_weight":"700","typography_line_height":{"unit":"em","size":1.2,"sizes":[]},"_margin_tablet":{"unit":"px","top":"0","right":"0","bottom":"0","left":"0","isLinked":true},"_padding_tablet":{"unit":"px","top":"0","right":"0","bottom":"0","left":"0","isLinked":true},"_ha_condition_list":[{"_ha_condition_date_range":"29-05-2020 to 31-05-2020","_ha_condition_date":"29-05-2020","_id":"e5fb2f9"}],"typography_font_size_mobile":{"unit":"px","size":26,"sizes":[]},"typography_font_size":{"unit":"px","size":36,"sizes":[]},"typography_font_style":"normal","ha_cmc_text":"Happy Addons"},"elements":[],"isInner":false,"widgetType":"heading","elType":"widget"},{"id":"2a03440d","settings":{"editor":"We have some solid professional skill that can impress you.","align":"left","typography_typography":"custom","typography_font_size":{"unit":"px","size":15,"sizes":[]},"_ha_condition_list":[{"_ha_condition_date_range":"29-05-2020 to 31-05-2020","_ha_condition_date":"29-05-2020","_id":"35caf65"}],"typography_font_family":"Play","typography_font_weight":"400","typography_font_style":"normal","__globals__":{"text_color":""},"text_color":"#FFFFFF","ha_cmc_text":"Happy Addons"},"elements":[],"isInner":false,"widgetType":"text-editor","elType":"widget"},{"id":"3e64158d","settings":{"editor":"<p>We have a great team with high skill of work in their own domain. A highly skilled team can only satisfy the client by delivering their merit to the project<\/p>","align":"left","typography_typography":"custom","typography_font_size":{"unit":"px","size":15,"sizes":[]},"_ha_condition_list":[{"_ha_condition_date_range":"29-05-2020 to 31-05-2020","_ha_condition_date":"29-05-2020","_id":"35caf65"}],"typography_font_family":"Play","typography_font_weight":"400","typography_font_style":"normal","typography_line_height":{"unit":"em","size":1.5,"sizes":[]},"__globals__":{"text_color":""},"text_color":"#FFFFFF","ha_cmc_text":"Happy Addons"},"elements":[],"isInner":false,"widgetType":"text-editor","elType":"widget"}],"isInner":true,"elType":"column"},{"id":"20049be3","settings":{"_column_size":50,"_inline_size":null,"margin":{"unit":"px","top":"0","right":"50","bottom":"0","left":"0","isLinked":false},"padding_mobile":{"unit":"px","top":"0","right":"0","bottom":"0","left":"0","isLinked":false},"margin_mobile":{"unit":"px","top":"50","right":"0","bottom":"0","left":"0","isLinked":false},"_ha_condition_list":[{"_ha_condition_date_range":"29-05-2020 to 31-05-2020","_ha_condition_date":"29-05-2020","_id":"fc1b49c"}],"margin_tablet":{"unit":"px","top":"0","right":"0","bottom":"0","left":"0","isLinked":true},"ha_cmc_text":"Happy Addons"},"elements":[],"isInner":true,"elType":"column"}],"isInner":true,"elType":"section"},{"id":"22f0af0c","settings":{"structure":"40","margin":{"unit":"px","top":"100","right":0,"bottom":"0","left":0,"isLinked":false},"margin_tablet":{"unit":"px","top":"70","right":0,"bottom":"0","left":0,"isLinked":false},"_ha_condition_list":[{"_id":"81f1998"}],"ha_cmc_text":"Happy Addons"},"elements":[{"id":"d837ab4","settings":{"_column_size":25,"_inline_size":null,"_ha_condition_list":[{"_id":"d7d42b2"}],"ha_cmc_text":"Happy Addons"},"elements":[{"id":"29247f23","settings":{"selected_icon":{"value":"","library":""},"title":"5\/5","description":"GAME INFORMER","align":"center","button_text":"","button_link":{"url":"","is_external":"","nofollow":"","custom_attributes":""},"content_padding":{"unit":"px","top":"20","right":"20","bottom":"20","left":"20","isLinked":true},"content_padding_tablet":{"unit":"px","top":"10","right":"0","bottom":"10","left":"0","isLinked":false},"content_padding_mobile":{"unit":"px","top":"20","right":"20","bottom":"20","left":"20","isLinked":true},"title_typography_typography":"custom","title_typography_font_family":"Oswald","title_typography_font_size":{"unit":"px","size":40,"sizes":[]},"title_typography_font_weight":"700","title_typography_font_style":"normal","description_typography_typography":"custom","description_typography_font_family":"Play","description_typography_font_size":{"unit":"px","size":16,"sizes":[]},"description_typography_font_size_tablet":{"unit":"px","size":14,"sizes":[]},"description_typography_font_size_mobile":{"unit":"px","size":16,"sizes":[]},"description_typography_font_weight":"400","description_typography_text_transform":"uppercase","description_typography_font_style":"normal","description_typography_line_height":{"unit":"em","size":1.6,"sizes":[]},"_ha_condition_list":[{"_id":"f45fa42"}],"ha_transform_fx":"yes","ha_transform_fx_translate_toggle_hover":"yes","ha_transform_fx_translate_y_hover":{"unit":"px","size":-14,"sizes":[]},"ha_transform_fx_transition_duration":{"unit":"px","size":0.3,"sizes":[]},"_background_background":"classic","_background_color":"#282745","__globals__":{"title_color":"","description_color":""},"title_color":"#FFFFFF","description_color":"#FFF","image":{"id":"17625","url":"https:\/\/plugindev.test\/wp-content\/uploads\/2025\/01\/placeholder-2.png"},"icon_json":{"id":"","url":"https:\/\/plugindev.test\/wp-content\/plugins\/elementor\/assets\/images\/placeholder.png"},"icon_cdn":"https:\/\/cdn.lordicon.com\/lupuorrc.json","custom_target":".example","ha_cmc_text":"Happy Addons"},"elements":[],"isInner":false,"widgetType":"ha-infobox","elType":"widget"}],"isInner":true,"elType":"column"},{"id":"6213b943","settings":{"_column_size":25,"_inline_size":null,"_ha_condition_list":[{"_id":"d7d42b2"}],"ha_cmc_text":"Happy Addons"},"elements":[{"id":"399bb1","settings":{"selected_icon":{"value":"","library":""},"title":"10\/10","description":"GAMESPOT","align":"center","button_text":"","button_link":{"url":"","is_external":"","nofollow":"","custom_attributes":""},"content_padding":{"unit":"px","top":"20","right":"20","bottom":"20","left":"20","isLinked":true},"content_padding_tablet":{"unit":"px","top":"10","right":"0","bottom":"10","left":"0","isLinked":false},"content_padding_mobile":{"unit":"px","top":"20","right":"20","bottom":"20","left":"20","isLinked":true},"title_typography_typography":"custom","title_typography_font_family":"Oswald","title_typography_font_size":{"unit":"px","size":40,"sizes":[]},"title_typography_font_weight":"700","title_typography_font_style":"normal","description_typography_typography":"custom","description_typography_font_family":"Play","description_typography_font_size":{"unit":"px","size":16,"sizes":[]},"description_typography_font_size_tablet":{"unit":"px","size":14,"sizes":[]},"description_typography_font_size_mobile":{"unit":"px","size":16,"sizes":[]},"description_typography_font_weight":"400","description_typography_text_transform":"uppercase","description_typography_font_style":"normal","description_typography_line_height":{"unit":"em","size":1.6,"sizes":[]},"_ha_condition_list":[{"_id":"f45fa42"}],"ha_transform_fx":"yes","ha_transform_fx_translate_toggle_hover":"yes","ha_transform_fx_translate_y_hover":{"unit":"px","size":-14,"sizes":[]},"ha_transform_fx_transition_duration":{"unit":"px","size":0.3,"sizes":[]},"_background_background":"classic","__globals__":{"title_color":"","description_color":"","_background_color":""},"title_color":"#FFFFFF","description_color":"#FFFFFF","_background_color":"#282745","image":{"id":"17625","url":"https:\/\/plugindev.test\/wp-content\/uploads\/2025\/01\/placeholder-2.png"},"icon_json":{"id":"","url":"https:\/\/plugindev.test\/wp-content\/plugins\/elementor\/assets\/images\/placeholder.png"},"icon_cdn":"https:\/\/cdn.lordicon.com\/lupuorrc.json","custom_target":".example","ha_cmc_text":"Happy Addons"},"elements":[],"isInner":false,"widgetType":"ha-infobox","elType":"widget"}],"isInner":true,"elType":"column"},{"id":"821e5cd","settings":{"_column_size":25,"_inline_size":null,"_ha_condition_list":[{"_id":"d7d42b2"}],"ha_cmc_text":"Happy Addons"},"elements":[{"id":"176d1288","settings":{"selected_icon":{"value":"","library":""},"title":"4.5\/5","description":"PS UNIVERSE","align":"center","button_text":"","button_link":{"url":"","is_external":"","nofollow":"","custom_attributes":""},"content_padding":{"unit":"px","top":"20","right":"20","bottom":"20","left":"20","isLinked":true},"content_padding_tablet":{"unit":"px","top":"10","right":"0","bottom":"10","left":"0","isLinked":false},"content_padding_mobile":{"unit":"px","top":"20","right":"20","bottom":"20","left":"20","isLinked":true},"title_typography_typography":"custom","title_typography_font_family":"Oswald","title_typography_font_size":{"unit":"px","size":40,"sizes":[]},"title_typography_font_weight":"700","title_typography_font_style":"normal","description_typography_typography":"custom","description_typography_font_family":"Play","description_typography_font_size":{"unit":"px","size":16,"sizes":[]},"description_typography_font_size_tablet":{"unit":"px","size":14,"sizes":[]},"description_typography_font_size_mobile":{"unit":"px","size":16,"sizes":[]},"description_typography_font_weight":"400","description_typography_text_transform":"uppercase","description_typography_font_style":"normal","description_typography_line_height":{"unit":"em","size":1.6,"sizes":[]},"_ha_condition_list":[{"_id":"f45fa42"}],"ha_transform_fx":"yes","ha_transform_fx_translate_toggle_hover":"yes","ha_transform_fx_translate_y_hover":{"unit":"px","size":-14,"sizes":[]},"ha_transform_fx_transition_duration":{"unit":"px","size":0.3,"sizes":[]},"_background_background":"classic","_background_color":"#282745","__globals__":{"title_color":"","description_color":""},"title_color":"#FFF","description_color":"#FFF","image":{"id":"17625","url":"https:\/\/plugindev.test\/wp-content\/uploads\/2025\/01\/placeholder-2.png"},"icon_json":{"id":"","url":"https:\/\/plugindev.test\/wp-content\/plugins\/elementor\/assets\/images\/placeholder.png"},"icon_cdn":"https:\/\/cdn.lordicon.com\/lupuorrc.json","custom_target":".example","ha_cmc_text":"Happy Addons"},"elements":[],"isInner":false,"widgetType":"ha-infobox","elType":"widget"}],"isInner":true,"elType":"column"},{"id":"266d1bf1","settings":{"_column_size":25,"_inline_size":null,"_ha_condition_list":[{"_id":"d7d42b2"}],"ha_cmc_text":"Happy Addons"},"elements":[{"id":"3d4b5599","settings":{"selected_icon":{"value":"","library":""},"title":"9\/10","description":"IGN","align":"center","button_text":"","button_link":{"url":"","is_external":"","nofollow":"","custom_attributes":""},"content_padding":{"unit":"px","top":"20","right":"20","bottom":"20","left":"20","isLinked":true},"content_padding_tablet":{"unit":"px","top":"10","right":"0","bottom":"10","left":"0","isLinked":false},"content_padding_mobile":{"unit":"px","top":"20","right":"20","bottom":"20","left":"20","isLinked":true},"title_typography_typography":"custom","title_typography_font_family":"Oswald","title_typography_font_size":{"unit":"px","size":40,"sizes":[]},"title_typography_font_weight":"700","title_typography_font_style":"normal","description_typography_typography":"custom","description_typography_font_family":"Play","description_typography_font_size":{"unit":"px","size":16,"sizes":[]},"description_typography_font_size_tablet":{"unit":"px","size":14,"sizes":[]},"description_typography_font_size_mobile":{"unit":"px","size":16,"sizes":[]},"description_typography_font_weight":"400","description_typography_text_transform":"uppercase","description_typography_font_style":"normal","description_typography_line_height":{"unit":"em","size":1.6,"sizes":[]},"_ha_condition_list":[{"_id":"f45fa42"}],"ha_transform_fx":"yes","ha_transform_fx_translate_toggle_hover":"yes","ha_transform_fx_translate_y_hover":{"unit":"px","size":-14,"sizes":[]},"ha_transform_fx_transition_duration":{"unit":"px","size":0.3,"sizes":[]},"_background_background":"classic","_background_color":"#282745","__globals__":{"title_color":"","description_color":""},"title_color":"#FFF","description_color":"#FFF","image":{"id":"17625","url":"https:\/\/plugindev.test\/wp-content\/uploads\/2025\/01\/placeholder-2.png"},"icon_json":{"id":"","url":"https:\/\/plugindev.test\/wp-content\/plugins\/elementor\/assets\/images\/placeholder.png"},"icon_cdn":"https:\/\/cdn.lordicon.com\/lupuorrc.json","custom_target":".example","ha_cmc_text":"Happy Addons"},"elements":[],"isInner":false,"widgetType":"ha-infobox","elType":"widget"}],"isInner":true,"elType":"column"}],"isInner":true,"elType":"section"},{"id":"7b5318ef","settings":{"structure":"20","margin":{"unit":"px","top":"100","right":0,"bottom":"0","left":0,"isLinked":false},"margin_tablet":{"unit":"px","top":"70","right":0,"bottom":"0","left":0,"isLinked":false},"margin_mobile":{"unit":"px","top":"50","right":0,"bottom":"0","left":0,"isLinked":false},"padding_tablet":{"unit":"px","top":"0","right":"10","bottom":"0","left":"10","isLinked":false},"_ha_condition_list":[{"_id":"81f1998"}],"ha_cmc_text":"Happy Addons"},"elements":[{"id":"31fee761","settings":{"_column_size":50,"_inline_size":30,"padding":{"unit":"px","top":"0","right":"30","bottom":"0","left":"0","isLinked":false},"_ha_condition_list":[{"_id":"800aa25","_ha_condition_date_range":"16-05-2020 to 18-05-2020","_ha_condition_date":"16-05-2020"}],"_inline_size_tablet":35,"padding_tablet":{"unit":"px","top":"0","right":"20","bottom":"0","left":"0","isLinked":false},"ha_cmc_text":"Happy Addons"},"elements":[{"id":"a52b87e","settings":{"title":"Virtual Gaming","title_color":"#ffffff","typography_typography":"custom","typography_line_height":{"unit":"em","size":1.2,"sizes":[]},"typography_font_size":{"unit":"px","size":36,"sizes":[]},"_ha_condition_list":[{"_ha_condition_date_range":"29-05-2020 to 31-05-2020","_ha_condition_date":"29-05-2020","_id":"e5fb2f9"}],"typography_font_family":"Oswald","typography_font_size_mobile":{"unit":"px","size":26,"sizes":[]},"typography_font_weight":"700","typography_font_style":"normal","_margin_tablet":{"unit":"px","top":"0","right":"0","bottom":"0","left":"0","isLinked":true},"_padding_tablet":{"unit":"px","top":"0","right":"0","bottom":"0","left":"0","isLinked":true},"ha_cmc_text":"Happy Addons"},"elements":[],"isInner":false,"widgetType":"heading","elType":"widget"},{"id":"6d56a44d","settings":{"align":"left","_margin":{"unit":"px","top":"30","right":"0","bottom":"0","left":"0","isLinked":false},"editor":"Duis vestibulum ipsum et tempor venenatis. Proin vehicula massa quis nulla posuere auctor. Curabitur at semper urna, a cursus ante. Donec convallis lobortis dictum. Duis diam ex, consectetur id neque ut, aliquet rhoncus magna. Sed non massa vel orci ultricies suscipit. Maecenas porta erat ac lectus interdum dignissim. Pellentesque commodo elementum congue. Nam non mi massa. Nunc quis ante ligula. Pellentesque pellentesque, nibh in auctor auctor, urna nisl ultricies arcu, ut auctor est sem dapibus ligula. Nunc accumsan lobortis pharetra.","_ha_condition_list":[{"_ha_condition_date_range":"29-05-2020 to 31-05-2020","_ha_condition_date":"29-05-2020","_id":"35caf65"}],"typography_typography":"custom","typography_font_family":"Play","typography_font_size":{"unit":"px","size":15,"sizes":[]},"typography_font_weight":"400","typography_font_style":"normal","typography_line_height":{"unit":"em","size":1.5,"sizes":[]},"_margin_mobile":{"unit":"px","top":"20","right":"0","bottom":"0","left":"0","isLinked":false},"__globals__":{"text_color":""},"text_color":"#FFFFFF","ha_cmc_text":"Happy Addons"},"elements":[],"isInner":false,"widgetType":"text-editor","elType":"widget"},{"id":"5e53b5ae","settings":{"align":"left","_margin":{"unit":"px","top":"30","right":"0","bottom":"0","left":"0","isLinked":false},"editor":"Nunc quis ante ligula. Pellentesque pellentesque, nibh in auctor auctor, urna nisl ultricies arcu, ut auctor est sem dapibus ligula.","_ha_condition_list":[{"_ha_condition_date_range":"29-05-2020 to 31-05-2020","_ha_condition_date":"29-05-2020","_id":"35caf65"}],"typography_typography":"custom","typography_font_family":"Play","typography_font_size":{"unit":"px","size":15,"sizes":[]},"typography_font_weight":"400","typography_font_style":"normal","typography_line_height":{"unit":"em","size":1.5,"sizes":[]},"_margin_mobile":{"unit":"px","top":"0","right":"0","bottom":"0","left":"0","isLinked":false},"__globals__":{"text_color":""},"text_color":"#FFFFFF","ha_cmc_text":"Happy Addons"},"elements":[],"isInner":false,"widgetType":"text-editor","elType":"widget"}],"isInner":true,"elType":"column"},{"id":"3f0886ba","settings":{"_column_size":50,"_inline_size":70,"_ha_condition_list":[{"_id":"26fec14","_ha_condition_date_range":"16-05-2020 to 18-05-2020","_ha_condition_date":"16-05-2020"}],"_inline_size_tablet":65,"padding_mobile":{"unit":"px","top":"50","right":"0","bottom":"0","left":"0","isLinked":false},"ha_cmc_text":"Happy Addons"},"elements":[{"id":"720487e3","settings":{"image":{"id":"17626","url":"https:\/\/plugindev.test\/wp-content\/uploads\/2025\/01\/gaming3-1.jpg"},"image_size":"full","_ha_condition_list":[{"_id":"025f39a","_ha_condition_date_range":"16-05-2020 to 18-05-2020","_ha_condition_date":"16-05-2020"}],"ha_cmc_text":"Happy Addons"},"elements":[],"isInner":false,"widgetType":"image","elType":"widget"}],"isInner":true,"elType":"column"}],"isInner":true,"elType":"section"},{"id":"648b0859","settings":{"content_width":{"unit":"px","size":750,"sizes":[]},"margin":{"unit":"px","top":"100","right":0,"bottom":"0","left":0,"isLinked":false},"margin_tablet":{"unit":"px","top":"70","right":0,"bottom":"0","left":0,"isLinked":false},"margin_mobile":{"unit":"px","top":"50","right":0,"bottom":"0","left":0,"isLinked":false},"_ha_condition_list":[{"_id":"81f1998"}],"ha_cmc_text":"Happy Addons"},"elements":[{"id":"2c3ff6f","settings":{"_column_size":100,"_ha_condition_list":[{"_id":"25357f2"}],"ha_cmc_text":"Happy Addons"},"elements":[{"id":"10b74a91","settings":{"title":"VR Technology","align":"center","typography_typography":"custom","typography_font_family":"Oswald","typography_font_size":{"unit":"px","size":40,"sizes":[]},"typography_font_weight":"500","typography_text_transform":"uppercase","typography_font_style":"normal","_ha_condition_list":[{"_id":"f0ef19f"}],"__globals__":{"title_color":""},"typography_font_size_mobile":{"unit":"px","size":32,"sizes":[]},"title_color":"#FFFFFF","ha_cmc_text":"Happy Addons"},"elements":[],"isInner":false,"widgetType":"heading","elType":"widget"},{"id":"428ced88","settings":{"youtube_url":"https:\/\/youtu.be\/a5i-mPwpu6E","vimeo_url":"https:\/\/vimeo.com\/235215203","dailymotion_url":"https:\/\/www.dailymotion.com\/video\/x6tqhqb","_margin":{"unit":"px","top":"70","right":"0","bottom":"0","left":"0","isLinked":false},"_margin_tablet":{"unit":"px","top":"70","right":"0","bottom":"0","left":"0","isLinked":false},"_margin_mobile":{"unit":"px","top":"30","right":"0","bottom":"0","left":"0","isLinked":false},"_ha_condition_list":[{"_id":"4f33fc8"}],"image_overlay":{"id":"17625","url":"https:\/\/plugindev.test\/wp-content\/uploads\/2025\/01\/placeholder-2.png"},"videopress_url":"https:\/\/videopress.com\/v\/ZCAOzTNk","ha_cmc_text":"Happy Addons"},"elements":[],"isInner":false,"widgetType":"video","elType":"widget"}],"isInner":true,"elType":"column"}],"isInner":true,"elType":"section"}],"isInner":false,"elType":"column"}],"isInner":false,"elType":"section"},{"id":"44341490","settings":{"content_width":{"unit":"px","size":950,"sizes":[]},"background_background":"classic","padding":{"unit":"px","top":"0","right":"0","bottom":"100","left":"0","isLinked":false},"padding_tablet":{"unit":"px","top":"0","right":"10","bottom":"70","left":"10","isLinked":false},"padding_mobile":{"unit":"px","top":"0","right":"10","bottom":"50","left":"10","isLinked":false},"_ha_condition_list":[{"_id":"1afcad6"}],"__globals__":{"background_color":""},"background_color":"#141329","ha_cmc_text":"Happy Addons"},"elements":[{"id":"5fd139b6","settings":{"_column_size":100,"_inline_size":null,"_ha_condition_list":[{"_id":"aa6acd0"}],"ha_cmc_text":"Happy Addons"},"elements":[{"id":"2cee3f4f","settings":{"testimonial_content":"\"Duis vestibulum ipsum et tempor venenatis. Proin vehicula massa quis nulla posuere auctor. Curabitur at semper urna, a cursus ante. Donec convallis lobortis dictum. Duis diam ex, consectetur id neque ut, aliquet rhoncus magna. Sed non massa vel orci ultricies suscipit. Maecenas porta erat ac lectus interdum dignissim. Pellentesque commodo elementum congue.\"","testimonial_image":{"url":"","id":"","size":""},"testimonial_name":"John Doe","testimonial_job":"Gamer","content_content_color":"#FFFFFF","content_typography_typography":"custom","content_typography_font_family":"Play","content_typography_font_size":{"unit":"px","size":16,"sizes":[]},"content_typography_font_weight":"400","content_typography_font_style":"italic","content_typography_line_height":{"unit":"em","size":1.6,"sizes":[]},"name_text_color":"#FFFFFF","name_typography_typography":"custom","name_typography_font_family":"Oswald","name_typography_font_size":{"unit":"px","size":24,"sizes":[]},"name_typography_font_weight":"700","name_typography_font_style":"normal","name_typography_line_height":{"unit":"em","size":1.6,"sizes":[]},"job_typography_typography":"custom","job_typography_font_family":"Play","job_typography_font_size":{"unit":"px","size":16,"sizes":[]},"job_typography_font_weight":"700","job_typography_text_transform":"uppercase","job_typography_font_style":"normal","job_typography_line_height":{"unit":"em","size":0.6,"sizes":[]},"_padding":{"unit":"px","top":"60","right":"100","bottom":"60","left":"100","isLinked":false},"_padding_mobile":{"unit":"px","top":"60","right":"30","bottom":"60","left":"30","isLinked":false},"_ha_condition_list":[{"_id":"d1172c8"}],"_background_background":"classic","_background_color":"#282745","_border_radius":{"unit":"px","top":"10","right":"10","bottom":"10","left":"10","isLinked":true},"__globals__":{"_background_color":"","content_content_color":"","name_text_color":"","job_text_color":""},"job_text_color":"#1BC2CA","ha_cmc_text":"Happy Addons"},"elements":[],"isInner":false,"widgetType":"testimonial","elType":"widget"}],"isInner":false,"elType":"column"}],"isInner":false,"elType":"section"},{"id":"557f4e20","settings":{"background_background":"classic","padding":{"unit":"px","top":"0","right":"0","bottom":"100","left":"0","isLinked":false},"padding_tablet":{"unit":"px","top":"0","right":"10","bottom":"70","left":"10","isLinked":false},"padding_mobile":{"unit":"px","top":"0","right":"10","bottom":"50","left":"10","isLinked":false},"_ha_condition_list":[{"_id":"1afcad6"}],"__globals__":{"background_color":""},"background_color":"#141329","ha_cmc_text":"Happy Addons"},"elements":[{"id":"6d28ca46","settings":{"_column_size":100,"_inline_size":null,"_ha_condition_list":[{"_id":"42edf39"}],"padding_tablet":{"unit":"px","top":"0","right":"0","bottom":"0","left":"0","isLinked":false},"ha_cmc_text":"Happy Addons"},"elements":[{"id":"76ef43ec","settings":{"title":"Q&A","align":"center","typography_typography":"custom","typography_font_family":"Oswald","typography_font_size":{"unit":"px","size":40,"sizes":[]},"typography_font_weight":"500","typography_text_transform":"uppercase","typography_font_style":"normal","_ha_condition_list":[{"_id":"f0ef19f"}],"__globals__":{"title_color":""},"typography_font_size_mobile":{"unit":"px","size":32,"sizes":[]},"title_color":"#FFF","ha_cmc_text":"Happy Addons"},"elements":[],"isInner":false,"widgetType":"heading","elType":"widget"},{"id":"8c5857b","settings":{"gap":"no","structure":"20","border_width":{"unit":"px","top":"0","right":"0","bottom":"0","left":"0","isLinked":false},"border_color":"#EBEBEB","margin":{"unit":"px","top":"70","right":0,"bottom":"0","left":0,"isLinked":false},"margin_tablet":{"unit":"px","top":"50","right":0,"bottom":"0","left":0,"isLinked":false},"margin_mobile":{"unit":"px","top":"50","right":0,"bottom":"0","left":0,"isLinked":false},"padding_tablet":{"unit":"px","top":"0","right":"10","bottom":"0","left":"10","isLinked":false},"_ha_condition_list":[{"_id":"81f1998"}],"padding_mobile":{"unit":"px","top":"0","right":"0","bottom":"0","left":"0","isLinked":false},"ha_cmc_text":"Happy Addons"},"elements":[{"id":"eea5496","settings":{"_column_size":50,"_inline_size":null,"border_border":"solid","border_width":{"unit":"px","top":"0","right":"1","bottom":"0","left":"0","isLinked":false},"border_color":"#E7E7E7","border_radius":{"unit":"px","top":"0","right":"0","bottom":"0","left":"0","isLinked":true},"_ha_condition_list":[{"_id":"35167db"}],"border_width_mobile":{"unit":"px","top":"0","right":"0","bottom":"0","left":"0","isLinked":true},"padding":{"unit":"px","top":"40","right":"40","bottom":"40","left":"40","isLinked":true},"padding_tablet":{"unit":"px","top":"30","right":"30","bottom":"30","left":"30","isLinked":true},"ha_cmc_text":"Happy Addons"},"elements":[{"id":"7597aade","settings":{"title":"How can I subscribe?","title_color":"#1BC2CA","typography_typography":"custom","typography_font_family":"Oswald","typography_font_size":{"unit":"px","size":24,"sizes":[]},"typography_font_size_mobile":{"unit":"px","size":26,"sizes":[]},"typography_font_weight":"700","typography_font_style":"normal","typography_line_height":{"unit":"em","size":1.2,"sizes":[]},"_margin_tablet":{"unit":"px","top":"0","right":"0","bottom":"0","left":"0","isLinked":true},"_padding_tablet":{"unit":"px","top":"0","right":"0","bottom":"0","left":"0","isLinked":true},"_ha_condition_list":[{"_ha_condition_date_range":"29-05-2020 to 31-05-2020","_ha_condition_date":"29-05-2020","_id":"e5fb2f9"}],"ha_cmc_text":"Happy Addons"},"elements":[],"isInner":false,"widgetType":"heading","elType":"widget"},{"id":"7a63dae9","settings":{"align":"left","_margin":{"unit":"px","top":"10","right":"0","bottom":"0","left":"0","isLinked":false},"editor":"You need to go to our official site, fill in the information and choose the necessary form of the subscription. After that, you have to pay the necessary amount of money.","_ha_condition_list":[{"_ha_condition_date_range":"29-05-2020 to 31-05-2020","_ha_condition_date":"29-05-2020","_id":"35caf65"}],"typography_typography":"custom","typography_font_family":"Play","typography_font_size":{"unit":"px","size":15,"sizes":[]},"typography_font_weight":"400","typography_font_style":"normal","typography_line_height":{"unit":"em","size":1.5,"sizes":[]},"_margin_mobile":{"unit":"px","top":"0","right":"0","bottom":"0","left":"0","isLinked":false},"__globals__":{"text_color":""},"text_color":"#FFFFFF","ha_cmc_text":"Happy Addons"},"elements":[],"isInner":false,"widgetType":"text-editor","elType":"widget"}],"isInner":true,"elType":"column"},{"id":"2d004874","settings":{"_column_size":50,"_inline_size":null,"_ha_condition_list":[{"_id":"f1a6df6"}],"padding":{"unit":"px","top":"40","right":"40","bottom":"40","left":"40","isLinked":true},"padding_tablet":{"unit":"px","top":"30","right":"30","bottom":"30","left":"30","isLinked":true},"ha_cmc_text":"Happy Addons"},"elements":[{"id":"6c611fae","settings":{"title":"What happens if I cancel my subscription?","title_color":"#498DFF","typography_typography":"custom","typography_font_family":"Oswald","typography_font_size":{"unit":"px","size":24,"sizes":[]},"typography_font_size_mobile":{"unit":"px","size":26,"sizes":[]},"typography_font_weight":"700","typography_font_style":"normal","typography_line_height":{"unit":"em","size":1.2,"sizes":[]},"_margin_tablet":{"unit":"px","top":"0","right":"0","bottom":"0","left":"0","isLinked":true},"_padding_tablet":{"unit":"px","top":"0","right":"0","bottom":"0","left":"0","isLinked":true},"_ha_condition_list":[{"_ha_condition_date_range":"29-05-2020 to 31-05-2020","_ha_condition_date":"29-05-2020","_id":"e5fb2f9"}],"ha_cmc_text":"Happy Addons"},"elements":[],"isInner":false,"widgetType":"heading","elType":"widget"},{"id":"2aa895e3","settings":{"align":"left","_margin":{"unit":"px","top":"10","right":"0","bottom":"0","left":"0","isLinked":false},"editor":"You need to go to our official site, fill in the information and choose the necessary form of the subscription. After that, you have to pay the necessary amount of money.","_ha_condition_list":[{"_ha_condition_date_range":"29-05-2020 to 31-05-2020","_ha_condition_date":"29-05-2020","_id":"35caf65"}],"typography_typography":"custom","typography_font_family":"Play","typography_font_size":{"unit":"px","size":15,"sizes":[]},"typography_font_weight":"400","typography_font_style":"normal","typography_line_height":{"unit":"em","size":1.5,"sizes":[]},"_margin_mobile":{"unit":"px","top":"0","right":"0","bottom":"0","left":"0","isLinked":false},"__globals__":{"text_color":""},"text_color":"#FFFFFF","ha_cmc_text":"Happy Addons"},"elements":[],"isInner":false,"widgetType":"text-editor","elType":"widget"}],"isInner":true,"elType":"column"}],"isInner":true,"elType":"section"},{"id":"2429f3b3","settings":{"gap":"no","structure":"20","border_width":{"unit":"px","top":"1","right":"0","bottom":"0","left":"0","isLinked":false},"border_color":"#EBEBEB","margin":{"unit":"px","top":"0","right":0,"bottom":"0","left":0,"isLinked":false},"margin_tablet":{"unit":"px","top":"0","right":0,"bottom":"0","left":0,"isLinked":false},"margin_mobile":{"unit":"px","top":"0","right":0,"bottom":"0","left":0,"isLinked":false},"padding_tablet":{"unit":"px","top":"0","right":"10","bottom":"0","left":"10","isLinked":false},"_ha_condition_list":[{"_id":"81f1998"}],"border_border":"solid","border_width_tablet":{"unit":"px","top":"1","right":"0","bottom":"0","left":"0","isLinked":false},"border_width_mobile":{"unit":"px","top":"0","right":"0","bottom":"0","left":"0","isLinked":true},"padding":{"unit":"px","top":"0","right":"0","bottom":"0","left":"0","isLinked":false},"padding_mobile":{"unit":"px","top":"0","right":"0","bottom":"0","left":"0","isLinked":false},"ha_cmc_text":"Happy Addons"},"elements":[{"id":"5848dc32","settings":{"_column_size":50,"_inline_size":null,"_ha_condition_list":[{"_id":"f1a6df6"}],"border_border":"solid","border_width":{"unit":"px","top":"0","right":"1","bottom":"0","left":"0","isLinked":false},"border_color":"#E7E7E7","margin_tablet":{"unit":"px","top":"0","right":"0","bottom":"0","left":"0","isLinked":false},"padding":{"unit":"px","top":"40","right":"40","bottom":"40","left":"40","isLinked":true},"border_width_mobile":{"unit":"px","top":"0","right":"0","bottom":"0","left":"0","isLinked":true},"padding_tablet":{"unit":"px","top":"30","right":"30","bottom":"30","left":"30","isLinked":true},"ha_cmc_text":"Happy Addons"},"elements":[{"id":"64c00bd1","settings":{"title":"Does Premium work in every game mode?","title_color":"#9D49FF","typography_typography":"custom","typography_font_family":"Oswald","typography_font_size":{"unit":"px","size":24,"sizes":[]},"typography_font_size_mobile":{"unit":"px","size":26,"sizes":[]},"typography_font_weight":"700","typography_font_style":"normal","typography_line_height":{"unit":"em","size":1.2,"sizes":[]},"_margin_tablet":{"unit":"px","top":"0","right":"0","bottom":"0","left":"0","isLinked":true},"_padding_tablet":{"unit":"px","top":"0","right":"0","bottom":"0","left":"0","isLinked":true},"_ha_condition_list":[{"_ha_condition_date_range":"29-05-2020 to 31-05-2020","_ha_condition_date":"29-05-2020","_id":"e5fb2f9"}],"ha_cmc_text":"Happy Addons"},"elements":[],"isInner":false,"widgetType":"heading","elType":"widget"},{"id":"1f4491f1","settings":{"align":"left","_margin":{"unit":"px","top":"10","right":"0","bottom":"0","left":"0","isLinked":false},"editor":"You need to go to our official site, fill in the information and choose the necessary form of the subscription. After that, you have to pay the necessary amount of money.","_ha_condition_list":[{"_ha_condition_date_range":"29-05-2020 to 31-05-2020","_ha_condition_date":"29-05-2020","_id":"35caf65"}],"typography_typography":"custom","typography_font_family":"Play","typography_font_size":{"unit":"px","size":15,"sizes":[]},"typography_font_weight":"400","typography_font_style":"normal","typography_line_height":{"unit":"em","size":1.5,"sizes":[]},"_margin_mobile":{"unit":"px","top":"0","right":"0","bottom":"0","left":"0","isLinked":false},"__globals__":{"text_color":""},"text_color":"#FFFFFF","ha_cmc_text":"Happy Addons"},"elements":[],"isInner":false,"widgetType":"text-editor","elType":"widget"}],"isInner":true,"elType":"column"},{"id":"2cd578fa","settings":{"_column_size":50,"_inline_size":null,"border_width":{"unit":"px","top":"0","right":"0","bottom":"0","left":"0","isLinked":false},"border_color":"#E7E7E7","border_radius":{"unit":"px","top":"0","right":"0","bottom":"0","left":"0","isLinked":true},"_ha_condition_list":[{"_id":"35167db"}],"border_width_tablet":{"unit":"px","top":"1","right":"0","bottom":"0","left":"0","isLinked":false},"padding":{"unit":"px","top":"40","right":"40","bottom":"40","left":"40","isLinked":true},"padding_tablet":{"unit":"px","top":"30","right":"30","bottom":"30","left":"30","isLinked":true},"ha_cmc_text":"Happy Addons"},"elements":[{"id":"65e58bcf","settings":{"title":"What happens when Premium is no longer?","title_color":"#E63A94","typography_typography":"custom","typography_font_family":"Oswald","typography_font_size":{"unit":"px","size":24,"sizes":[]},"typography_font_size_mobile":{"unit":"px","size":26,"sizes":[]},"typography_font_weight":"700","typography_font_style":"normal","typography_line_height":{"unit":"em","size":1.2,"sizes":[]},"_margin_tablet":{"unit":"px","top":"0","right":"0","bottom":"0","left":"0","isLinked":true},"_padding_tablet":{"unit":"px","top":"0","right":"0","bottom":"0","left":"0","isLinked":true},"_ha_condition_list":[{"_ha_condition_date_range":"29-05-2020 to 31-05-2020","_ha_condition_date":"29-05-2020","_id":"e5fb2f9"}],"ha_cmc_text":"Happy Addons"},"elements":[],"isInner":false,"widgetType":"heading","elType":"widget"},{"id":"6753ca9d","settings":{"align":"left","_margin":{"unit":"px","top":"10","right":"0","bottom":"0","left":"0","isLinked":false},"editor":"If your subscription would cancel you receive the letter about that with the offer to prolong it. Also, you get other proposals and kinds of subscriptions.","_ha_condition_list":[{"_ha_condition_date_range":"29-05-2020 to 31-05-2020","_ha_condition_date":"29-05-2020","_id":"35caf65"}],"typography_typography":"custom","typography_font_family":"Play","typography_font_size":{"unit":"px","size":15,"sizes":[]},"typography_font_weight":"400","typography_font_style":"normal","typography_line_height":{"unit":"em","size":1.5,"sizes":[]},"_margin_mobile":{"unit":"px","top":"0","right":"0","bottom":"0","left":"0","isLinked":false},"__globals__":{"text_color":""},"text_color":"#FFFFFF","ha_cmc_text":"Happy Addons"},"elements":[],"isInner":false,"widgetType":"text-editor","elType":"widget"}],"isInner":true,"elType":"column"}],"isInner":true,"elType":"section"}],"isInner":false,"elType":"column"}],"isInner":false,"elType":"section"},{"id":"1eee2918","settings":{"background_background":"classic","padding":{"unit":"px","top":"0","right":"0","bottom":"100","left":"0","isLinked":false},"padding_tablet":{"unit":"px","top":"0","right":"10","bottom":"70","left":"10","isLinked":false},"padding_mobile":{"unit":"px","top":"0","right":"10","bottom":"50","left":"10","isLinked":false},"_ha_condition_list":[{"_id":"1afcad6"}],"__globals__":{"background_color":""},"background_color":"#141329","ha_cmc_text":"Happy Addons"},"elements":[{"id":"6bf96021","settings":{"_column_size":100,"_inline_size":null,"_ha_condition_list":[{"_id":"fb05c0c"}],"ha_cmc_text":"Happy Addons"},"elements":[{"id":"685dffc7","settings":{"title":"Our Contacts","align":"center","typography_typography":"custom","typography_font_family":"Oswald","typography_font_size":{"unit":"px","size":40,"sizes":[]},"typography_font_weight":"500","typography_text_transform":"uppercase","typography_font_style":"normal","_ha_condition_list":[{"_id":"f0ef19f"}],"__globals__":{"title_color":""},"typography_font_size_mobile":{"unit":"px","size":32,"sizes":[]},"title_color":"#FFF","ha_cmc_text":"Happy Addons"},"elements":[],"isInner":false,"widgetType":"heading","elType":"widget"},{"id":"2397d30","settings":{"structure":"20","padding":{"unit":"px","top":"30","right":"0","bottom":"0","left":"0","isLinked":false},"_ha_condition_list":[{"_id":"13aa092"}],"ha_cmc_text":"Happy Addons"},"elements":[{"id":"173f3e4a","settings":{"_column_size":50,"_inline_size":null,"_ha_column_order_mobile":2,"margin":{"unit":"px","top":"0","right":"30","bottom":"0","left":"0","isLinked":false},"margin_tablet":{"unit":"px","top":"0","right":"20","bottom":"0","left":"0","isLinked":false},"margin_mobile":{"unit":"px","top":"40","right":"0","bottom":"0","left":"0","isLinked":false},"padding_tablet":{"unit":"px","top":"0","right":"0","bottom":"0","left":"0","isLinked":false},"_ha_condition_list":[{"_id":"d411560"}],"ha_cmc_text":"Happy Addons"},"elements":[{"id":"20b9ed3a","settings":{"address":"dhaka zoo","_ha_condition_list":[{"_id":"6514e82"}],"ha_cmc_text":"Happy Addons"},"elements":[],"isInner":false,"widgetType":"google_maps","elType":"widget"}],"isInner":true,"elType":"column"},{"id":"bc507f6","settings":{"_column_size":50,"_inline_size":null,"margin":{"unit":"px","top":"0","right":"0","bottom":"0","left":"30","isLinked":false},"margin_tablet":{"unit":"px","top":"0","right":"0","bottom":"0","left":"20","isLinked":false},"margin_mobile":{"unit":"px","top":"0","right":"0","bottom":"0","left":"0","isLinked":false},"padding_tablet":{"unit":"px","top":"0","right":"0","bottom":"0","left":"0","isLinked":false},"_ha_condition_list":[{"_id":"8fda483"}],"ha_cmc_text":"Happy Addons"},"elements":[{"id":"7c25dde1","settings":{"title":"Contact Information","typography_typography":"custom","typography_font_family":"Oswald","typography_font_size":{"unit":"px","size":40,"sizes":[]},"typography_font_weight":"500","typography_font_style":"normal","_ha_condition_list":[{"_id":"f0ef19f"}],"__globals__":{"title_color":""},"typography_font_size_mobile":{"unit":"px","size":32,"sizes":[]},"typography_font_size_tablet":{"unit":"px","size":38,"sizes":[]},"title_color":"#FFF","ha_cmc_text":"Happy Addons"},"elements":[],"isInner":false,"widgetType":"heading","elType":"widget"},{"id":"56340079","settings":{"align":"left","editor":"Below you can see the necessary information if you like to contact to use.","_ha_condition_list":[{"_ha_condition_date_range":"29-05-2020 to 31-05-2020","_ha_condition_date":"29-05-2020","_id":"35caf65"}],"typography_typography":"custom","typography_font_family":"Play","typography_font_size":{"unit":"px","size":15,"sizes":[]},"typography_font_weight":"400","typography_font_style":"normal","typography_line_height":{"unit":"em","size":1.5,"sizes":[]},"__globals__":{"text_color":""},"text_color":"#FFF","ha_cmc_text":"Happy Addons"},"elements":[],"isInner":false,"widgetType":"text-editor","elType":"widget"},{"id":"65d91f54","settings":{"icon_list":[{"text":"Phone <br> +1 (8445) 8925-589-01","selected_icon":{"value":"fas fa-phone-alt","library":"fa-solid"},"_id":"7eab16d"},{"text":"Location<br>350 5th Avenue, NY, USA","selected_icon":{"value":"fas fa-map-marker-alt","library":"fa-solid"},"_id":"ea5a9f9"},{"text":"E-Mail <br\/> example@game.com","selected_icon":{"value":"fas fa-envelope","library":"fa-solid"},"_id":"6a2ec58"}],"space_between":{"unit":"px","size":12,"sizes":[]},"icon_align":"left","icon_size":{"unit":"px","size":21,"sizes":[]},"icon_size_tablet":{"unit":"px","size":25,"sizes":[]},"icon_self_align":"left","text_indent":{"unit":"px","size":15,"sizes":[]},"icon_typography_typography":"custom","icon_typography_font_family":"Play","icon_typography_font_size":{"unit":"px","size":16,"sizes":[]},"icon_typography_font_weight":"400","icon_typography_font_style":"normal","icon_typography_line_height":{"unit":"em","size":1.2,"sizes":[]},"_ha_condition_list":[{"_id":"aa10846"}],"__globals__":{"icon_color":"","text_color":""},"icon_color":"#1BC2CA","text_color":"#FFFFFF","ha_cmc_text":"Happy Addons"},"elements":[],"isInner":false,"widgetType":"icon-list","elType":"widget"},{"id":"7008bae","settings":{"social_icon_list":[{"social_icon":{"value":"fab fa-facebook-f","library":"fa-brands"},"_id":"1a552a9"},{"social_icon":{"value":"fab fa-twitter","library":"fa-brands"},"_id":"8416741"},{"social_icon":{"value":"fab fa-youtube","library":"fa-brands"},"_id":"e535c8f"}],"columns":"3","align":"left","icon_color":"custom","icon_primary_color":"#7B494900","icon_size":{"unit":"px","size":28,"sizes":[]},"icon_size_tablet":{"unit":"px","size":30,"sizes":[]},"icon_padding":{"unit":"em","size":0,"sizes":[]},"icon_spacing":{"unit":"px","size":24,"sizes":[]},"border_radius":{"unit":"px","top":"0","right":"0","bottom":"0","left":"0","isLinked":true},"_margin":{"unit":"px","top":"10","right":"0","bottom":"0","left":"0","isLinked":false},"_ha_condition_list":[{"_id":"b210e5a"}],"__globals__":{"icon_secondary_color":""},"icon_secondary_color":"#FFFFFF29","hover_secondary_color":"#1BC2CA","hover_animation":"grow","ha_cmc_text":"Happy Addons"},"elements":[],"isInner":false,"widgetType":"social-icons","elType":"widget"}],"isInner":true,"elType":"column"}],"isInner":true,"elType":"section"}],"isInner":false,"elType":"column"}],"isInner":false,"elType":"section"}],"page_settings":[],"version":"0.4","title":"Happy Template","type":"page"}